art,abstract,illustration,design,vector,pattern,desktop,background,texture,graphic,decoration,picture frame,element,wallpaper,color,template,square,insubstantial,vintage,old,
desktop,abstract,design,metallic,art,texture,illustration,pattern,graphic,steel,decoration,symbol,space,dark,iron,shining,image,shape,element,color,
people,light,adult,portrait,music,blur,wear,technology,one,man,city,concert,model,business,singer,reflection,musician,illuminated,street,festival,
music,people,musician,one,piano,man,adult,concert,performance,instrument,singer,pianist,portrait,recreation,indoors,festival,woman,jazz,stage,wear,
music,people,concert,one,performance,musician,woman,man,indoors,portrait,competition,singer,stage,adult,festival,rap,audience,stadium,subway system,band,
abstract,desktop,sky,color,nature,landscape,background,light,sun,insubstantial,cloud,art,sunset,fair weather,sea,image,outdoors,space,bright,sight,
people,one,adult,window,light,woman,shadow,backlit,indoors,silhouette,wear,reflection,man,profile,loneliness,travel,blur,dark,room,side view,
abstract,blur,motion,desktop,insubstantial,technology,no person,bright,art,underwater,swimming,energy,H2O,science,futuristic,illuminated,people,light,pattern,design,
people,portrait,adult,one,profile,side view,music,man,window,light,wear,sadness,spotlight,indoors,shadow,facial expression,musician,room,dark,woman,
portrait,people,adult,one,man,music,profile,side view,light,musician,wear,singer,window,concert,spotlight,face,shadow,facial expression,model,indoors,
people,adult,one,indoors,man,subway system,blur,light,motion,tunnel,woman,wear,reflection,athlete,hallway,portrait,transportation system,action,concentration,energy,
people,indoors,tunnel,adult,subway system,motion,reflection,transportation system,man,light,side view,skill,concentration,shadow,blur,industry,woman,horizontal,grinder,dark,
people,indoors,adult,tunnel,subway system,motion,reflection,man,transportation system,concentration,light,horizontal,grinder,side view,shadow,woman,industry,dark,skill,business,
abstract,art,blur,artistic,insubstantial,no person,design,pattern,bright,creativity,wallpaper,nature,desktop,water-color,shining,background,outdoors,color,decoration,H2O,
blur,abstract,art,insubstantial,no person,shining,nature,wallpaper,smooth,sky,bright,turquoise,artistic,background,color,outdoors,H2O,futuristic,dark,sun,
underwater,water,sea,ocean,swimming,sun,light,travel,diving,no person,reflection,dug-out pool,fish,nature,people,fair weather,
abstract,desktop,insubstantial,bright,color,illustration,sun,design,nature,pattern,wallpaper,background,texture,motion,graphic,luminescence,art,vibrant,fair weather,energy,
portrait,people,dark,one,music,adult,man,movie,light,singer,concert,face,musician,festival,fashion,model,street,spotlight,woman,shadow,
people,one,adult,man,outfit,portrait,business,wear,industry,indoors,technology,side view,commerce,science,grinder,employee,vehicle,menswear,room,production,
people,portrait,light,adult,man,one,music,woman,wear,dark,street,concert,girl,festival,model,side view,indoors,blur,
people,man,adult,music,one,wear,indoors,subway system,portrait,blur,musician,light,technology,airport,business,singer,side view,performance,outerwear,concert,
people,music,one,performance,concert,adult,man,musician,festival,light,portrait,band,singer,blur,stage,side view,science,recreation,technology,indoors,
portrait,people,man,adult,one,music,dark,light,movie,street,concert,musician,urban,guy,singer,actor,wear,window,face,indoors,
people,dark,one,car,vehicle,light,adult,man,transportation system,woman,indoors,travel,smoke,action,side view,motion,danger,shadow,music,
people,group,room,indoors,adult,grinder,production,industry,man,light,one,education,no person,commerce,vehicle,music,recreation,container,transportation system,offense,
people,group,indoors,room,furniture,adult,commerce,light,business,vehicle,technology,seat,education,city,restaurant,chair,recreation,bar,man,music,
people,business,adult,indoors,vehicle,technology,man,music,one,transportation system,car,seat,computer,airplane,travel,airport,woman,subway system,portrait,
people,music,business,adult,administration,vehicle,man,one,election,offense,soccer,airport,indoors,portrait,technology,musician,movie,television,subway system,football,
people,business,music,vehicle,adult,one,indoors,man,technology,movie,car,airplane,offense,airport,portrait,administration,musician,election,computer,television,
people,music,adult,business,vehicle,one,portrait,indoors,man,musician,performance,airport,administration,airplane,election,car,festival,movie,soccer,technology,
people,adult,one,man,indoors,music,room,commerce,group,woman,wear,stock,
people,adult,one,man,room,indoors,commerce,music,business,vehicle,employee,wear,offense,group,recreation,two,outfit,furniture,technology,musician,
people,adult,man,one,commerce,music,business,indoors,group,room,technology,wear,vehicle,employee,offense,stock,two,street,recreation,industry,
people,man,one,portrait,indoors,adult,street,wear,music,business,woman,urban,city,
people,man,portrait,one,adult,indoors,music,street,wear,subway system,business,movie,musician,woman,commerce,
people,portrait,man,adult,one,light,landscape,helmet,competition,street,girl,sunset,shadow,uniform,woman,art,war,veil,wear,football,
woman,girl,portrait,people,one,nude,adult,model,sexy,fashion,dark,art,sunset,music,shadow,glamour,monochrome,erotic,light,silhouette,
people,portrait,adult,girl,light,man,one,shadow,woman,silhouette,sunset,music,model,dark,art,profile,backlit,face,festival,sun,
people,blur,man,indoors,light,dark,street,concert,music,action,adult,stage,vehicle,soccer,car,competition,offense,woman,city,performance,
people,man,adult,one,portrait,business,indoors,music,stage,wear,musician,group,blur,recreation,singer,outfit,actor,room,light,offense,
people,adult,man,business,wear,one,portrait,outfit,administration,music,recreation,soccer,festival,musician,leader,movie,offense,blur,indoors,election,
portrait,people,dark,one,adult,music,man,movie,light,woman,festival,concert,spotlight,street,singer,musician,fashion,wear,model,girl,
portrait,people,dark,music,one,adult,man,light,concert,singer,movie,musician,festival,model,face,street,spotlight,fashion,girl,woman,
portrait,people,one,dark,adult,movie,light,woman,music,man,indoors,fashion,face,girl,model,festival,desktop,spotlight,window,wear,
people,man,adult,one,portrait,wear,business,indoors,industry,grinder,employee,outfit,urban,side view,commerce,concentration,technology,
people,adult,man,one,portrait,concentration,indoors,wear,blur,production,music,light,employee,grinder,industry,business,technology,scientist,commerce,
portrait,people,man,dark,one,fashion,adult,indoors,street,music,model,movie,woman,wear,boy,light,shadow,adolescent,
people,adult,man,one,commerce,indoors,industry,science,technology,scientist,vehicle,production,grinder,bar,street,business,education,room,transportation system,laboratory,
people,adult,technology,indoors,science,man,woman,blur,light,scientist,business,one,group,music,commerce,reflection,window,subway system,vehicle,airport,
people,adult,technology,man,light,woman,blur,science,one,computer,music,transportation system,side view,interaction,indoors,business,group,access,vehicle,reflection,
people,light,man,science,technology,blur,adult,music,interaction,indoors,reflection,scientist,concert,
people,man,light,dark,one,adult,music,smoke,portrait,blur,street,subway system,urban,city,art,guy,
people,man,adult,one,portrait,music,light,street,blur,city,dark,subway system,urban,concert,wear,festival,technology,
people,light,music,man,adult,portrait,dark,one,concert,street,stage,city,performance,indoors,shadow,blur,singer,urban,window,musician,
people,portrait,one,adult,indoors,man,wear,light,music,movie,dark,woman,street,singer,shadow,model,fashion,musician,subway system,boy,
people,portrait,adult,one,music,wear,light,man,model,woman,movie,musician,singer,fashion,blur,dark,concert,indoors,street,stage,
portrait,people,music,woman,fashion,adult,one,dark,model,light,movie,street,man,wear,concert,indoors,musician,art,singer,window,
portrait,people,man,one,adult,dark,music,light,model,street,boy,movie,fashion,concert,woman,musician,wear,spotlight,singer,art,
people,subway system,street,transportation system,city,light,business,music,technology,man,blur,train,science,indoors,adult,commuter,vehicle,travel,commerce,urban,
people,man,adult,indoors,subway system,technology,light,science,business,one,street,woman,car,portrait,blur,transportation system,city,wear,urban,window,
people,adult,man,portrait,indoors,one,subway system,wear,window,woman,street,light,airport,employee,blur,business,transportation system,side view,outfit,outerwear,
people,adult,man,indoors,one,subway system,portrait,wear,woman,street,blur,window,light,outerwear,airport,employee,side view,outfit,concentration,two,
people,adult,man,portrait,one,indoors,wear,subway system,woman,window,blur,employee,group,business,street,light,airport,two,outfit,telephone,
people,adult,technology,man,indoors,woman,science,one,business,wear,portrait,research,subway system,connection,scientist,outerwear,coat,blur,
people,business,adult,man,movie,portrait,outfit,one,wear,actor,administration,leader,indoors,commerce,arrival,music,festival,technology,soccer,city,
business,people,adult,man,movie,portrait,outfit,one,wear,actor,commerce,city,indoors,leader,administration,technology,music,soccer,
people,business,adult,man,portrait,movie,one,wear,outfit,actor,city,technology,commerce,leader,indoors,office,administration,
portrait,people,man,adult,one,music,concert,light,dark,movie,musician,singer,indoors,performance,actor,festival,stage,business,wear,spotlight,
portrait,people,music,concert,man,one,adult,musician,singer,spotlight,light,performance,festival,dark,movie,stage,theater,wear,pop music,face,
portrait,people,music,one,man,concert,adult,singer,musician,movie,spotlight,light,festival,dark,performance,stage,theater,wear,actor,face,
portrait,people,one,man,adult,dark,music,light,movie,spotlight,concert,festival,musician,singer,face,actor,wear,fashion,model,theater,
people,technology,business,adult,man,portrait,commerce,outfit,one,computer,wear,indoors,industry,connection,
people,adult,business,technology,man,commerce,portrait,one,outfit,employee,wear,computer,indoors,industry,actor,movie,
business,people,adult,technology,man,one,commerce,outfit,indoors,portrait,industry,wear,airport,
business,adult,people,technology,man,one,computer,outfit,commerce,indoors,portrait,wear,
portrait,people,man,adult,street,one,dark,light,movie,urban,business,music,window,wear,face,city,actor,guy,model,indoors,
portrait,people,adult,one,man,light,music,movie,wear,business,festival,woman,dark,indoors,street,musician,actor,facial expression,window,
